INSERT INTO `fb_banner` (`id`,`name`,`description`,`ad_count`,`ad_size`,`code`) VALUES 
 (2,'顶部banner',NULL,0,'780*95','top_banner'),
 (3,'首页中部广告位',NULL,0,'645*95','index_middle_banner'),
 (4,'通用右侧广告位',NULL,0,'315*265','right_banner'),
 (5,'富豪首页中部广告位2',NULL,0,'990*100','rich_banner2'),
 (7,'富豪首页中部广告位',NULL,0,'225*150','rich_banner1'),
 (10,'新闻文字环绕广告位',NULL,0,'225*205','news_banner'),
 (11,'榜单列表广告位',NULL,0,'385*375','list_banner'),
 (12,'杂志中部广告位',NULL,0,'660*100','magazine_banner1'),
 (13,'杂志展示页底部广告位',NULL,0,'1000*100','magazine_banner2'),
 (14,'登录页面广告位',NULL,0,'500*190','login_banner'),
 (15,'会员专区页面广告位',NULL,0,'635*185','club_banner');
 
 INSERT INTO `fb_channel` (`id`,`name`,`parttern`,`comment`) VALUES 
 (3,'首页','index','首页'),
 (5,'榜单','list',NULL),
 (6,'富豪','billionaires',NULL),
 (7,'投资','investment',NULL),
 (8,'商业','business',NULL),
 (9,'创业','entrepreneur',NULL),
 (10,'科技','tech',NULL),
 (11,'城市','city',NULL),
 (12,'生活','life',NULL),
 (13,'专栏','column',NULL),
 (14,'杂志','magazine',NULL),
 (15,'搜索','search',NULL),
 (16,'新闻','news',NULL),
 (17,'会员俱乐部','club',NULL),
 (18,'增长俱乐部','investor',NULL),
 (19,'调查问卷','survey',NULL),
 (20,'登录','login',NULL),
 (21,'注册','register',NULL),
 (22,'会员中心','user',NULL),
 (23,'密码找回','getpwd',NULL);
 
 INSERT INTO `fb_channel_banner` (`id`,`channel_id`,`banner_id`) VALUES 
 (1,3,2),
 (2,3,3),
 (3,7,2),
 (4,8,2),
 (5,9,2),
 (6,10,2),
 (7,11,2),
 (8,7,4),
 (9,8,4),
 (10,9,4),
 (11,10,4),
 (12,11,4),
 (13,6,2),
 (14,6,5),
 (15,6,7),
 (16,16,2),
 (17,16,4),
 (18,16,10),
 (19,5,2),
 (20,5,4),
 (21,5,11),
 (22,6,4),
 (23,18,2),
 (24,18,4),
 (25,17,2),
 (26,17,15),
 (27,14,2),
 (28,14,4),
 (29,14,12),
 (30,14,13),
 (31,13,2),
 (32,13,4),
 (33,20,2),
 (34,21,2),
 (35,22,2),
 (36,20,14),
 (37,12,2),
 (38,15,2),
 (39,15,4),
 (40,19,2),
 (41,19,4),
 (42,23,2);